<?xml version="1.0" encoding="UTF-8"?>
<beans xmlns="http://www.springframework.org/schema/beans"
  xmlns:xsi="http://www.w3.org/2001/XMLSchema-instance"
  xmlns:context="http://www.springframework.org/schema/context"
  xmlns:tx="http://www.springframework.org/schema/tx"
  xsi:schemaLocation="
        http://www.springframework.org/schema/beans
        http://www.springframework.org/schema/beans/spring-beans.xsd
        http://www.springframework.org/schema/context
        http://www.springframework.org/schema/context/spring-context.xsd
        http://www.springframework.org/schema/tx
        http://www.springframework.org/schema/tx/spring-tx.xsd">

  <!-- 启用注解扫描，排除控制器 -->
  <context:component-scan base-package="org.example">
    <context:exclude-filter type="annotation" expression="org.springframework.stereotype.Controller"/>
    <context:exclude-filter type="annotation" expression="org.springframework.web.bind.annotation.RestController"/>
  </context:component-scan>

  <!-- 数据源配置   @Scope -->
  <bean id="dataSource" class="org.springframework.jdbc.datasource.DriverManagerDataSource" >
    <property name="driverClassName" value="org.postgresql.Driver"/>
    <property name="url" value="jdbc:postgresql://localhost:5432/mydb"/>
    <property name="username" value="admin"/>
    <property name="password" value="admin123"/>
  </bean>

  <!-- JdbcTemplate -->
  <bean id="jdbcTemplate" class="org.springframework.jdbc.core.JdbcTemplate">
    <property name="dataSource" ref="dataSource"/>
  </bean>

  <!-- 事务管理器 -->
  <bean id="transactionManager" class="org.springframework.jdbc.datasource.DataSourceTransactionManager">
    <property name="dataSource" ref="dataSource"/>
  </bean>

  <!-- 启用声明式事务 -->
  <tx:annotation-driven transaction-manager="transactionManager"/>
</beans>