<?xml version="1.0" encoding="UTF-8"?>
<beans xmlns="http://www.springframework.org/schema/beans"
  xmlns:xsi="http://www.w3.org/2001/XMLSchema-instance"
  xmlns:context="http://www.springframework.org/schema/context"
  xmlns:mvc="http://www.springframework.org/schema/mvc"
  xsi:schemaLocation="
        http://www.springframework.org/schema/beans
        http://www.springframework.org/schema/beans/spring-beans.xsd
        http://www.springframework.org/schema/context
        http://www.springframework.org/schema/context/spring-context.xsd
        http://www.springframework.org/schema/mvc
        http://www.springframework.org/schema/mvc/spring-mvc.xsd">

  <!-- 扫描控制器 -->
  <context:component-scan base-package="org.example.controller"/>

  <!-- 启用MVC注解 -->
  <mvc:annotation-driven>
    <mvc:message-converters>
      <bean class="org.springframework.http.converter.StringHttpMessageConverter"/>
      <bean class="org.springframework.http.converter.json.MappingJackson2HttpMessageConverter"/>
    </mvc:message-converters>
  </mvc:annotation-driven>

  <!-- 处理静态资源 -->
  <mvc:default-servlet-handler/>
</beans>